<?xml version="1.0" encoding="iso-8859-1"?>

<vdesc>
  <scene>
    <graph id="1" origin="Q2_Q3" lang="english">
      <titles>
        <main>
          <primary inferred="true">Service Sales</primary>
		<secondary inferred="true">Service sales by quarters</secondary>
        </main>
        <cataxis>
          <primary inferred="true">Quarter</primary>
		  <secondary inferred="true">Year</secondary>
        </cataxis>
        <valaxis>
          <primary inferred="true">$ Billion</primary>
        </valaxis>
      </titles>
      <axis>
        <categoryaxis crossesat="0">
        <categoryset>
				<category id="1">I<secondary>2006</secondary>
				</category>
				<category id="2">II<secondary>2006</secondary>
				</category>
				<category id="3">III<secondary>2006</secondary>
				</category>
				<category id="4">IV<secondary>2006</secondary>
				</category>
				<category id="5">I<secondary>2007</secondary>
				</category>
				<category id="6">II<secondary>2007</secondary>
				</category>
				<category id="7">III<secondary>2007</secondary>
				</category>
				<category id="8">IV<secondary>2007</secondary>
				</category>
					</categoryset>
        </categoryaxis>
        <valueaxis startsat="5" endsat="120" step="10" />
      </axis>
      <series id="1" name="" trendline="null">
        <valueset>
		 <value id="1">100.89</value>
          <value id="2">102.92</value>
          <value id="3">100.98</value>
          <value id="4">99.73</value>
          <value id="5">99.60</value>
          <value id="6">100.60</value>
          <value id="7">98.25</value>
         <value id="8">95.35</value>
        </valueset>
      </series>
      <textboxes>
        <box id="0" posx="0" posy="6" width="33.75" height="15">Mining</box>
      </textboxes>
      <geometry>
        <plotarea height="176" width="200" posy="37" posx="0" />
      </geometry>
    </graph>
</scene>
  <instantiatedgschema>
    <lines>
      <line description="I" start="1" end="2">
        <slope value="2.0249023" />
      </line>
      <line description="D" start="2" end="3">
        <slope value="-1.9314804" />
      </line>
      <line description="D" start="3" end="4">
        <slope value="-1.2535172" />
      </line>
      <line description="D" start="4" end="5">
        <slope value="-0.1324768" />
      </line>
      <line description="I" start="5" end="6">
        <slope value="0.9979706" />
      </line>
      <line description="D" start="6" end="7">
        <slope value="-2.3501968" />
      </line>
          </lines>
    <min value="95.35" />
    <max value="102.92" />
  </instantiatedgschema>
</vdesc>


