<?xml version="1.0" encoding="iso-8859-1"?>
<!--
Synthetic graphs created by naty.vr@gmail.com
-->
<vdesc>
  <scene>
    <graph id="1" origin="Q1_Q3" lang="english">
      <titles>
        <main>
          <primary inferred="true">Goods Sales</primary>
		<secondary inferred="true">Goods sales by quarters</secondary>
        </main>
        <cataxis>
          <primary inferred="true">Quarter</primary>
		  <secondary inferred="true">Year</secondary>
        </cataxis>
        <valaxis>
          <primary inferred="true">$ Billion</primary>
        </valaxis>
      </titles>
      <axis>
        <categoryaxis crossesat="0">
        <categoryset>
				<category id="1">I<secondary>2006</secondary>
				</category>
				<category id="2">II<secondary>2006</secondary>
				</category>
				<category id="3">III<secondary>2006</secondary>
				</category>
				<category id="4">IV<secondary>2006</secondary>
				</category>
				<category id="5">I<secondary>2007</secondary>
				</category>
				<category id="6">II<secondary>2007</secondary>
				</category>
				<category id="7">III<secondary>2007</secondary>
				</category>
				<category id="8">IV<secondary>2007</secondary>
				</category>
					</categoryset>
        </categoryaxis>
        <valueaxis startsat="5" endsat="120" step="10" />
      </axis>
      <series id="1" name="" trendline="null">
        <valueset>
        <value id="1">95.35</value>
          <value id="2">92.13</value>
          <value id="3">90.63</value>
          <value id="4">88.03</value>
          <value id="5">86.23</value>
          <value id="6">87.03</value>
		 <value id="7">100</value>
          <value id="8">100.89</value>

        </valueset>
      </series>

      <textboxes>
        <box id="0" posx="0" posy="6" width="33.75" height="15">Total sales by quarters</box>
      </textboxes>
      <geometry>
        <plotarea height="176" width="200" posy="37" posx="0" />
      </geometry>
    </graph>
  </scene>
  <instantiatedgschema>
    <lines>


<line description="D" start="1" end="2">
        <slope value="-3.2194824" />
      </line>
      <line description="D" start="2" end="3">
        <slope value="-1.494278" />
      </line>
      <line description="D" start="3" end="4">
        <slope value="-2.6005096" />
      </line>
      <line description="D" start="4" end="5">
        <slope value="-1.8057327" />
      </line>
      <line description="I" start="5" end="6">
        <slope value="0.79719543" />
      </line>
      <line description="I" start="6" end="7">
        <slope value=" 12.96" />
      </line>
	 <line description="I" start="7" end="8">
        <slope value="0.89624786" />
      </line>
</lines>
    <min value="86.23" />
    <max value="100.89" />
  </instantiatedgschema>
</vdesc>

