<?xml version="1.0" encoding="iso-8859-1"?>
<!--
Synthetic graphs created by naty.vr@gmail.com
-->
<vdesc>
  <scene>
    <graph id="1" origin="Q3" lang="english">
      <titles>
        <main>
          <primary inferred="true">Service Sales</primary>
		<secondary inferred="true">Service sales by years</secondary>
        </main>
        <cataxis>
          <primary inferred="true">Year</primary>
        </cataxis>
        <valaxis>
          <primary inferred="true">$ Million</primary>
        </valaxis>
      </titles>
      <axis>
        <categoryaxis crossesat="0">
        <categoryset>
           <category id="0">2000</category>
            <category id="1">2001</category>
            <category id="2">2002</category>
            <category id="3">2003</category>
            <category id="4">2004</category>
            <category id="5">2005</category>
		</categoryset>
        </categoryaxis>
        <valueaxis startsat="5" endsat="120" step="10" />
      </axis>
      <series id="1" name="" trendline="null">
        <valueset>
          <value id="0">112.92</value>
          <value id="1">114.36</value>
          <value id="2">117.06</value>
          <value id="3">117.57</value>
          <value id="4">119.00</value>
          <value id="5">121.51</value>
        </valueset>
         </series>
      <textboxes>
        <box id="0" posx="0" posy="6" width="33.75" height="15">Total sales by quarters</box>
      </textboxes>
      <geometry>
        <plotarea height="176" width="200" posy="37" posx="0" />
      </geometry>
    </graph>
  </scene>
  <instantiatedgschema>
    <lines>
  <lines>
      <line description="I" start="0" end="1">
        <slope value="1.4370308" />
      </line>
      <line description="I" start="1" end="2">
        <slope value="2.702999" />
      </line>
      <line description="I" start="2" end="3">
        <slope value="0.50696564" />
      </line>
      <line description="I" start="3" end="4">
        <slope value="1.4310036" />
      </line>
      <line description="I" start="4" end="5">
        <slope value="2.5119839" />
      </line>
    </lines>
    </lines>
    <min value="112.92" />
    <max value="121.51" />
  </instantiatedgschema>
</vdesc>

