<?xml version="1.0" encoding="iso-8859-1"?>
<!--
Synthetic graphs created by naty.vr@gmail.com
-->
<vdesc>
  <scene>
    <graph id="1" origin="Q1" lang="english">
      <titles>
        <main>
          <primary inferred="true">Goods Sales</primary>
		<secondary inferred="true">Goods sales by quarters</secondary>
        </main>
        <cataxis>
          <primary inferred="true">Quarter</primary>
		  <secondary inferred="true">Year</secondary>
        </cataxis>
        <valaxis>
          <primary inferred="true">$ Billion</primary>
        </valaxis>
      </titles>
      <axis>
        <categoryaxis crossesat="0">
        <categoryset>
				<category id="1">I<secondary>2004</secondary>
				</category>
				<category id="2">II<secondary>2004</secondary>
				</category>
				<category id="3">III<secondary>2004</secondary>
				</category>
				<category id="4">IV<secondary>2004</secondary>
				</category>
				<category id="5">I<secondary>2005</secondary>
				</category>
				<category id="6">II<secondary>2005</secondary>
				</category>
				<category id="7">III<secondary>2005</secondary>
				</category>
				<category id="8">IV<secondary>2005</secondary>
				</category>
					</categoryset>
        </categoryaxis>
        <valueaxis startsat="5" endsat="120" step="10" />
      </axis>
      <series id="1" name="" trendline="null">
        <valueset>
         <value id="1">99.34</value>
          <value id="2">95.28</value>
          <value id="3">98.04</value>
          <value id="4">99.72</value>
          <value id="5">100.54</value>
          <value id="6">107.56</value>
          <value id="7">111.68</value>
          <value id="8">117.46</value>
        </valueset>
      </series>
      <textboxes>
        <box id="0" posx="0" posy="6" width="33.75" height="15">Total sales by quarters</box>
      </textboxes>
      <geometry>
        <plotarea height="176" width="200" posy="37" posx="0" />
      </geometry>
    </graph>
  </scene>
  <instantiatedgschema>
    <lines>
  <line description="I" start="1" end="2">
        <slope value="8.900002" />
      </line>
      <line description="D" start="2" end="3">
        <slope value="-8.724998" />
      </line>
      <line description="D" start="3" end="4">
        <slope value="-11.225006" />
      </line>
      <line description="I" start="4" end="5">
        <slope value="11.050003" />
      </line>
      <line description="D" start="5" end="6">
        <slope value="-6.824997" />
      </line>
      <line description="D" start="6" end="7">
        <slope value="-3.0750046" />
      </line>
      <line description="D" start="7" end="8">
        <slope value="-7.0499954" />
      </line>
    </lines>
    <min value="95.28" />
    <max value="117.46" />
  </instantiatedgschema>
</vdesc>

